MitocartaID	MitocartaGene	UniprotNameMatches	UniprotBlastID	UniprotBlastName	BlastIdentity	BlastIdentityNoGaps	BlastCoverage
NP_001039023	Pick1	0	Q62083	PICK1	0.987980769230769	0.987980769230769	1
NP_001074830	Mtarc1	0	Q9CW42	MARC1	0.976608187134503	0.982352941176471	1
NP_032121	Nipsnap2	0	O55126	NIPS2	0.98576512455516	0.98576512455516	1
NP_035405	Rnaseh1	0	O70338	RNH1	0.989473684210526	0.989473684210526	1
NP_058043	Hsd17b10	0	O08756	HCD2	0.984674329501916	0.984674329501916	1
NP_059490	Polg	0	P54099	DPOG1	0.980295566502463	0.981101068200493	1
NP_080272	Tomm34	0	Q9CYG7	TOM34	0.98705501618123	0.98705501618123	1
NP_663548	Mrps35	0	Q8BJZ4	RT35	0.9875	0.9875	1
