MitocartaID	MitocartaGene	UniprotNameMatches	UniprotBlastID	UniprotBlastName	BlastIdentity	BlastIdentityNoGaps	BlastCoverage
NP_001094954	Gm4984	0	P63030	MPC1	0.65	0.65	0.840336134453782
NP_001335656	Htd2	0	P51660	DHB4	0.3125	0.316455696202532	0.5
NP_082418	Nsun4	0	Q8CCT7	NSUN3	0.36950146627566	0.403846153846154	0.887139107611549
